nationality,player
Russia,Igor Akinfeev
Russia,Vladimir Gabulov
Russia,Andrey Lunev
Russia,Sergei Ignashevich
Russia,Mario Fernandes
Russia,Vladimir Granat
Russia,Fyodor Kudryashov
Russia,Andrei Semyonov
Russia,Igor Smolnikov
Russia,Ilya Kutepov
Russia,Aleksandr Yerokhin
Russia,Yuri Zhirkov
Russia,Daler Kuzyaev
Russia,Aleksandr Golovin
Russia,Alan Dzagoev
Russia,Roman Zobnin
Russia,Aleksandr Samedov
Russia,Yuri Gazinsky
Russia,Anton Miranchuk
Russia,Denis Cheryshev
Russia,Artyom Dzyuba
Russia,Aleksei Miranchuk
Russia,Fyodor Smolov
Saudi Arabia,Mohammed Al-Owais
Saudi Arabia,Yasser Al-Musailem
Saudi Arabia,Abdullah Al-Mayuf
Saudi Arabia,Mansoor Al-Harbi
Saudi Arabia,Yasser Al-Shahrani
Saudi Arabia,Mohammed Al-Burayk
Saudi Arabia,Motaz Hawsawi
Saudi Arabia,Osama Hawsawi
Saudi Arabia,Ali Al-Bulaihi
Saudi Arabia,Omar Othman
Saudi Arabia,Abdullah Alkhaibari
Saudi Arabia,Abdulmalek Alkhaibri
Saudi Arabia,Abdullah Otayf
Saudi Arabia,Taiseer Al-Jassam
Saudi Arabia,Hussain Al-Moqahwi
Saudi Arabia,Salman Al-Faraj
Saudi Arabia,Mohamed Kanno
Saudi Arabia,Hatan Bahbir
Saudi Arabia,Salem Al-Dawsari
Saudi Arabia,Yahia Al-Shehri
Saudi Arabia,Fahad Al-Muwallad
Saudi Arabia,Mohammad Al-Sahlawi
Saudi Arabia,Muhannad Assiri
Egypt,Essam El Hadary
Egypt,Mohamed El-Shennawy
Egypt,Sherif Ekramy
Egypt,Ahmed Fathi
Egypt,Abdallah Said
Egypt,Saad Samir
Egypt,Ayman Ashraf
Egypt,Mohamed Abdel-Shafy
Egypt,Ahmed Hegazi
Egypt,Ali Gabr
Egypt,Ahmed Elmohamady
Egypt,Omar Gaber
Egypt,Tarek Hamed
Egypt,Mahmoud Shikabala
Egypt,Sam Morsy
Egypt,Mohamed Elneny
Egypt,Mahmoud Kahraba
Egypt,Ramadan Sobhi
Egypt,Trezeguet
Egypt,Amr Warda
Egypt,Marwan Mohsen
Egypt,Mohamed Salah
Egypt,Mahmoud Elwensh
Uruguay,Fernando Muslera
Uruguay,Martin Silva
Uruguay,Martin Campana
Uruguay,Diego Godin
Uruguay,Sebastian Coates
Uruguay,Jose Maria Gimenez
Uruguay,Maximiliano Pereira
Uruguay,Gaston Silva
Uruguay,Martin Caceres
Uruguay,Guillermo Varela
Uruguay,Nahitan Nandez
Uruguay,Lucas Torreira
Uruguay,Matias Vecino
Uruguay,Rodrigo Bentancur
Uruguay,Carlos Sanchez
Uruguay,Giorgian De Arrascaeta
Uruguay,Diego Laxalt
Uruguay,Cristian Rodriguez
Uruguay,Jonathan Urretaviscaya
Uruguay,Cristhian Stuani
Uruguay,Maximiliano Gomez
Uruguay,Edinson Cavani
Uruguay,Luis Suarez
Portugal,Anthony Lopes
Portugal,Beto
Portugal,Rui Patricio
Portugal,Bruno Alves
Portugal,Cedric Soares
Portugal,Jose Fonte
Portugal,Mario Rui
Portugal,Pepe
Portugal,Raphael Guerreiro
Portugal,Ricardo Pereira
Portugal,Ruben Dias
Portugal,Adrien Silva
Portugal,Bruno Fernandes
Portugal,Joao Mario
Portugal,Joao Moutinho
Portugal,Manuel Fernandes
Portugal,William Carvalho
Portugal,Andre Silva
Portugal,Bernardo Silva
Portugal,Cristiano Ronaldo
Portugal,Gelson Martins
Portugal,Goncalo Guedes
Portugal,Ricardo Quaresma
Spain,David de Gea
Spain,Pepe Reina
Spain,Kepa Arrizabalaga
Spain,Dani Carvajal
Spain,Alvaro Odriozola
Spain,Gerard Pique
Spain,Sergio Ramos
Spain,Nacho
Spain,Cesar Azpilicueta
Spain,Jordi Alba
Spain,Nacho Monreal
Spain,Sergio Busquets
Spain,Saul Niquez
Spain,Koke
Spain,Thiago Alcantara
Spain,Andres Iniesta
Spain,David Silva
Spain,Isco
Spain,Marcio Asensio
Spain,Lucas Vazquez
Spain,Iago Aspas
Spain,Rodrigo
Spain,Diego Costa
Morocco,Mounir El Kajoui
Morocco,Yassine Bounou
Morocco,Ahmad Reda Tagnaouti
Morocco,Mehdi Benatia
Morocco,Romain Saiss
Morocco,Manuel Da Costa
Morocco,Badr Benoun
Morocco,Nabil Dirar
Morocco,Achraf Hakimi
Morocco,Hamza Mendyl
Morocco,M'bark Boussoufa
Morocco,Karim El Ahmadi
Morocco,Youssef Ait Bennasser
Morocco,Sofyan Amrabat
Morocco,Younes Belhanda
Morocco,Faycal Fajr
Morocco,Amine Harit
Morocco,Khalid Boutaib
Morocco,Aziz Bouhaddouz
Morocco,Ayoub El Kaabi
Morocco,Nordin Amrabat
Morocco,Mehdi Carcela
Morocco,Hakim Ziyech
Iran,Alireza Beiranvand
Iran,Rashid Mazaheri
Iran,Amir Abedzadeh
Iran,Ramin Rezaeian
Iran,Mohammad Reza Khanzadeh
Iran,Morteza Pouraliganji
Iran,Pejman Montazeri
Iran,Seyed Majid Hosseini
Iran,Milad Mohammadi
Iran,Roozbeh Cheshmi
Iran,Saeid Ezatolahi
Iran,Masoud Shojaei
Iran,Saman Ghoddos
Iran,Mehdi Torabi
Iran,Ashkan Dejagah
Iran,Omid Ebrahimi
Iran,Ehsan Hajsafi
Iran,Vahid Amiri
Iran,Alireza Jahanbakhsh
Iran,Karim Ansarifard
Iran,Mahdi Taremi
Iran,Sardar Azmoun
Iran,Reza Ghoochannejhad
France,Alphonse Areola
France,Hugo Lloris
France,Steve Mandanda
France,Lucas Hernandez
France,Presnel Kimpembe
France,Benjamin Mendy
France,Benjamin Pavard
France,Adil Rami
France,Djibril Sidibe
France,Samuel Umtiti
France,Raphael Varane
France,N'Golo Kante
France,Blaise Matuidi
France,Steven N'Zonzi
France,Paul Pogba
France,Corentin Tolisso
France,Ousmane Dembele
France,Nabil Fekir
France,Olivier Giroud
France,Antoine Griezmann
France,Thomas Lemar
France,Kylian Mbappe
France,Florian Thauvin
Australia, Brad Jones
Australia,Mat Ryan
Australia,Danny Vukovic
Australia,Aziz Behich
Australia,Milos Degenek
Australia,Matthew Jurman
Australia,James Meredith
Australia,Josh Risdon
Australia,Trent Sainsbury
Australia,Jackson Irvine
Australia,Mile Jedinak
Australia,Robbie Kruse
Australia,Massimo Luongo
Australia,Mark Milligan
Australia,Aaron Mooy
Australia,Tom Rogic
Australia,Daniel Arzani
Australia,Tim Cahill
Australia,Tomi Juric
Australia,Mathew Leckie
Australia,Andrew Nabbout
Australia,Dimitri Petratos
Australia,Jamie Maclaren
Peru,Carlos Caceda
Peru,Jose Carvallo
Peru,Pedro Gallese
Peru,Luis Advincula
Peru,Pedro Aquino
Peru,Miguel Araujo
Peru,Andre Carrillo
Peru,Wilder Cartagena
Peru,Aldo Corzo
Peru,Christian Cueva
Peru,Jefferson Farfan
Peru,Edison Flores
Peru,Paolo Hurtado
Peru,Nilson Loyola
Peru,Andy Polo
Peru,Christian Ramos
Peru,Alberto Rodriguez
Peru,Raul Ruidiaz
Peru,Anderson Santamaria
Peru,Renato Tapia
Peru,Miguel Trauco
Peru,Yoshimar Yotun
Peru,Paolo Guerrero
Denmark,Kasper Schmeichel
Denmark,Jonas Lossl
Denmark,Frederik Ronow
Denmark,Simon Kjaer
Denmark,Andreas Christensen
Denmark,Mathias Jorgensen
Denmark,Jannik Vestergaard
Denmark,Henrik Dalsgaard
Denmark,Jens Stryger
Denmark,Jonas Knudsen
Denmark,William Kvist
Denmark,Thomas Delaney
Denmark,Lukas Lerager
Denmark,Lasse Schone
Denmark,Christian Eriksen
Denmark,Michael Krohn-Dehli
Denmark,Pione Sisto
Denmark,Martin Braithwaite
Denmark,Andreas Cornelius
Denmark,Viktor Fischer
Denmark,Yussuf Poulsen
Denmark,Nicolai Jorgensen
Denmark,Kasper Dolberg
Argentina,Nahuel Guzm
Iceland, Hannes Thor Halldorsson
Iceland,Runar Alex Runarsson
Iceland,Frederik Schram
Iceland,Kari Arnason
Iceland,Ari Freyr Skulason
Iceland,Birkir Mar Saevarsson
Iceland,Sverrir Ingi Ingason
Iceland,Hordur Magnusson
Iceland,Holmar Orn Eyjolfsson
Iceland,Ragnar Sigurdsson
Iceland,Johann Berg Gudmundsson
Iceland,Birkir Bjarnason
Iceland,Arnor Ingvi Traustason
Iceland,Emil Hallfredsson
Iceland,Gylfi Sigurdsson
Iceland,Olafur Ingi Skulason
Iceland,Rurik Gislason
Iceland,Samuel Fridjonsson
Iceland,Aron Gunnarsson
Iceland,Alfred Finnbogason
Iceland,Bjorn Bergmann Sigurdarson
Iceland,Jon Dadi Bodvarsson
Iceland,Albert Gudmundsson
Croatia,Danijel Subasic
Croatia,Lovre Kalinic
Croatia,Dominik Livakovic
Croatia,Vedran Corluka
Croatia,Domagoj Vida
Croatia,Ivan Strinic
Croatia,Dejan Lovren
Croatia,Sime Vrsaljko
Croatia,Josip Pivaric
Croatia,Tin Jedvaj
Croatia,Duje Caleta-Car
Croatia,Luka Modric
Croatia,Ivan Rakitic
Croatia,Mateo Kovacic
Croatia,Milan Badelj
Croatia,Marcelo Brozovic
Croatia,Filip Bradaric
Croatia,Mario Mandzukic
Croatia,Ivan Perisic
Croatia,Nikola Kalinic
Croatia,Andrej Kramaric
Croatia,Marko Pjaca
Croatia,Ante Rebic
Nigeria,Ikechukwu Ezenwa
Nigeria,Daniel Akpeyi
Nigeria,Francis Uzoho
Nigeria,William Troost-Ekong
Nigeria,Leon Balogun
Nigeria,Kenneth Omeruo
Nigeria,Bryan Idowu
Nigeria,Chidozie Awaziem
Nigeria,Abdullahi Shehu
Nigeria,Elderson Echiejile
Nigeria,Tyronne Ebuehi
Nigeria,John Obi Mikel
Nigeria,Ogenyi Onazi
Nigeria,John Ogu
Nigeria,Wilfred Ndidi
Nigeria,Oghenekaro Etebo
Nigeria,Joel Obi
Nigeria,Odion Ighalo
Nigeria,Ahmed Musa
Nigeria,Victor Moses
Nigeria,Alex Iwobi
Nigeria,Kelechi Iheanacho
Nigeria,Simeon Nwankwo
Brazil,Alisson
Brazil,Ederson
Brazil,Cassio
Brazil,Danilo
Brazil,Fagner
Brazil,Marcelo
Brazil,Filipe Luis
Brazil,Thiago Silva
Brazil,Marquinhos
Brazil,Miranda
Brazil,Pedro Geromel
Brazil,Casemiro
Brazil,Fernandinho
Brazil,Paulinho
Brazil,Fred
Brazil,Renato Augusto
Brazil,Philippe Coutinho
Brazil,Willian
Brazil,Douglas Costa
Brazil,Neymar
Brazil,Taison
Brazil,Gabriel Jesus
Brazil,Roberto Firmino
Switzerland,Roman Buerki
Switzerland,Yvon Mvogo
Switzerland,Yann Sommer
Switzerland,Manuel Akanji
Switzerland,Johan Djourou
Switzerland,Nico Elvedi
Switzerland,Michael Lang
Switzerland,Stephan Lichtsteiner
Switzerland,Jacques-Francois Moubandje
Switzerland,Ricardo Rodriguez
Switzerland,Fabian Schaer
Switzerland,Valon Behrami
Switzerland,Blerim Dzemaili
Switzerland,Gelson Fernandes
Switzerland,Remo Freuler
Switzerland,Xherdan Shaqiri
Switzerland,Granit Xhaka
Switzerland,Steven Zuber
Switzerland,Denis Zakaria
Switzerland,Josip Drmic
Switzerland,Breel Embolo
Switzerland,Mario Gavranovic
Switzerland,Haris Seferovic
Costa Rica,Keylor Navas
Costa Rica,Patrick Pemberton
Costa Rica,Leonel Moreira
Costa Rica,Cristian Gamboa
Costa Rica,Ian Smith
Costa Rica,Ronald Matarrita
Costa Rica,Bryan Oviedo
Costa Rica,Oscar Duarte
Costa Rica,Giancarlo Gonzalez
Costa Rica,Francisco Calvo
Costa Rica,Kendall Waston
Costa Rica,Johnny Acosta
Costa Rica,David Guzman
Costa Rica,Yeltsin Tejeda
Costa Rica,Celso Borges
Costa Rica,Randall Azofeifa
Costa Rica,Rodney Wallace
Costa Rica,Bryan Ruiz
Costa Rica,Daniel Colindres
Costa Rica,Christian Bolanos
Costa Rica,Johan Venegas
Costa Rica,Joel Campbell
Costa Rica,Marco Urena
Serbia,Vladimir Stojkovic
Serbia,Predrag Rajkovic
Serbia,Marko Dmitrovic
Serbia,Aleksandar Kolarov
Serbia,Antonio Rukavina
Serbia,Milan Rodic
Serbia,Branislav Ivanovic
Serbia,Uros Spajic
Serbia,Milos Veljkovic
Serbia,Dusko Tosic
Serbia,Nikola Milenkovic
Serbia,Nemanja Matic
Serbia,Luka Milivojevic
Serbia,Marko Grujic
Serbia,Dusan Tadic
Serbia,Andrija Zivkovic
Serbia,Filip Kostic
Serbia,Nemanja Radonjic
Serbia,Sergej Milinkovic-Savic
Serbia,Adem Ljajic
Serbia,Aleksandar Mitrovic
Serbia,Aleksandar Prijovic
Serbia,Luka Jovic
Germany,Manuel Neuer
Germany,Marc-Andre ter Stegen
Germany,Kevin Trapp
Germany,Jerome Boateng
Germany,Matthias Ginter
Germany,Jonas Hector
Germany,Mats Hummels
Germany,Joshua Kimmich
Germany,Marvin Plattenhardt
Germany,Antonio Rudiger
Germany,Niklas Sule
Germany,Julian Brandt
Germany,Julian Draxler
Germany,Mario Gomez
Germany,Leon Goretzka
Germany,Ilkay Gundogan
Germany,Sami Khedira
Germany,Toni Kroos
Germany,Thomas Muller
Germany,Mesut Ozil
Germany,Marco Reus
Germany,Sebastian Rudy
Germany,Timo Werner
Mexico,Jesus Corona
Mexico,Alfredo Talavera
Mexico,Guillermo Ochoa
Mexico,Hugo Ayala
Mexico,Carlos Salcedo
Mexico,Diego Reyes
Mexico,Miguel Layun
Mexico,Hector Moreno
Mexico,Edson Alvarez
Mexico,Rafael Marquez
Mexico,Jonathan dos Santos
Mexico,Marco Fabian
Mexico,Giovani dos Santos
Mexico,Hector Herrera
Mexico,Andres Guardado
Mexico,Raul Jimenez
Mexico,Carlos Vela
Mexico,Javier Hernandez
Mexico,Jesus Corona
Mexico,Oribe Peralta
Mexico,Javier Aquino
Mexico,Hirving Lozano
Sweden,Robin Olsen
Sweden,Karl-Johan Johnsson
Sweden,Kristoffer Nordfeldt
Sweden,Mikael Lustig
Sweden,Victor Lindelof
Sweden,Andreas Granqvist
Sweden,Martin Olsson
Sweden,Ludwig Augustinsson
Sweden,Filip Helander
Sweden,Emil Krafth
Sweden,Pontus Jansson
Sweden,Sebastian Larsson
Sweden,Albin Ekdal
Sweden,Emil Forsberg
Sweden,Gustav Svensson
Sweden,Oscar Hiljemark
Sweden,Viktor Claesson
Sweden,Marcus Rohden
Sweden,Jimmy Durmaz
Sweden,Marcus Berg
Sweden,John Guidetti
Sweden,Ola Toivonen
Sweden,Isaac Kiese Thelin
South Korea,Kim Seunggyu
South Korea,Kim Jinhyeon
South Korea,Cho Hyeonwoo
South Korea,Kim Younggwon
South Korea,Jang Hyunsoo
South Korea,Jeong Seunghyeon
South Korea,Yun Yeongseon
South Korea,Oh Bansuk
South Korea,Kim Minwoo
South Korea,Park Jooho
South Korea,Hong Chul
South Korea,Go Yohan
South Korea,Lee Yong
South Korea,Ki Sungyueng
South Korea,Jeong Wooyoung
South Korea,Ju Sejong
South Korea,Koo Jacheol
South Korea,Lee Jaesung
South Korea,Lee Seungwoo
South Korea,Moon Sunmin
South Korea,Kim Shinwook
South Korea,Son Heungmin
South Korea,Hwang Heechan
Belgium,Koen Casteels
Belgium,Thibaut Courtois
Belgium,Simon Mignolet
Belgium,Toby Alderweireld
Belgium,Dedryck Boyata
Belgium,Vincent Kompany
Belgium,Thomas Meunier
Belgium,Thomas Vermaelen
Belgium,Jan Vertonghen
Belgium,Nacer Chadli
Belgium,Kevin De Bruyne
Belgium,Mousa Dembele
Belgium,Leander Dendoncker
Belgium,Marouane Fellaini
Belgium,Youri Tielemans
Belgium,Axel Witsel
Belgium,Michy Batshuayi
Belgium,Yannick Carrasco
Belgium,Eden Hazard
Belgium,Thorgan Hazard
Belgium,Adnan Januzaj
Belgium,Romelu Lukaku
Belgium,Dries Mertens
Panama,Jose Calderon
Panama,Jaime Penedo
Panama,Alex Rodr
Tunisia,Farouk Ben Mustapha
Tunisia,Moez Hassen
Tunisia,Aymen Mathlouthi
Tunisia,Rami Bedoui
Tunisia,Yohan Benalouane
Tunisia,Syam Ben Youssef
Tunisia,Dylan Bronn
Tunisia,Oussama Haddadi
Tunisia,Ali Maaloul
Tunisia,Yassine Meriah
Tunisia,Hamdi Nagguez
Tunisia,Anice Badri
Tunisia,Mohamed Amine Ben Amor
Tunisia,Ghaylene Chaalali
Tunisia,Ahmed Khalil
Tunisia,Saifeddine Khaoui
Tunisia,Ferjani Sassi
Tunisia,Ellyes Skhiri
Tunisia,Naim Sliti
Tunisia,Bassem Srarfi
Tunisia,Fakhreddine Ben Youssef
Tunisia,Saber Khalifa
Tunisia,Wahbi Khazri
England,Jack Butland
England,Nick Pope
England,Jordan Pickford
England,Fabian Delph
England,Danny Rose
England,Eric Dier
England,Kyle Walker
England,Kieran Trippier
England,Trent Alexander-Arnold
England,Harry Maguire
England,John Stones
England,Phil Jones
England,Gary Cahill
England,Jordan Henderson
England,Jesse Lingard
England,Ruben Loftus-Cheek
England,Ashley Young
England,Dele Alli
England,Raheem Sterling
England,Harry Kane
England,Jamie Vardy
England,Marcus Rashford
England,Danny Welbeck
Poland,Bartosz Bialkowski
Poland,Lukasz Fabianski
Poland,Wojciech Szczesny
Poland,Jan Bednarek
Poland,Bartosz Bereszynski
Poland,Thiago Cionek
Poland,Kamil Glik
Poland,Artur Jedrzejczyk
Poland,Michal Pazdan
Poland,Lukasz Piszczek
Poland,Jakub Blaszczykowski
Poland,Jacek Goralski
Poland,Kamil Goricki
Poland,Grzegorz Krychowiak
Poland,Slawomir Peszko
Poland,Maciej Rybus
Poland,Piotr Zielinski
Poland,Rafal Kurzawa
Poland,Karol Linetty
Poland,Dawid Kownacki
Poland,Robert Lewandowski
Poland,Arkadiusz Milik
Poland,Lukasz Teodorczyk
Senegal,Abdoulaye Diallo
Senegal,Khadim Ndiaye
Senegal,Alfred Gomis
Senegal,Lamine Gassama
Senegal,Moussa Wague
Senegal,Saliou Ciss
Senegal,Youssouf Sabaly
Senegal,Kalidou Kalidou
Senegal,Salif Sane
Senegal,Cheikhou Kouyate
Senegal,Kara Mbodji
Senegal,Idrisa Gana Gueye
Senegal,Cheikh Ndoye
Senegal,Alfred Ndiaye
Senegal,Pape Alioune Ndiaye
Senegal,Moussa Sow
Senegal,Moussa Konate
Senegal,Diafra Sakho
Senegal,Sadio Mane
Senegal,Ismaila Sarr
Senegal,Mame Biram Diouf
Senegal,Mbaye Niang
Senegal,Diao Keita Balde
Colombia,David Ospina
Colombia,Camilo Vargas
Colombia,Jose Fernando Cuadrado
Colombia,Cristian Zapata
Colombia,Davinson Sanchez
Colombia,Santiago Arias
Colombia,Oscar Murillo
Colombia,Frank Fabra
Colombia,Johan Mojica
Colombia,Yerry Mina
Colombia,Wilmar Barrios
Colombia,Carlos Sanchez
Colombia,Jefferson Lerma
Colombia,Jose Izquierdo
Colombia,James Rodriguez
Colombia,Abel Aguilar
Colombia,Juan Fernando Quintero
Colombia,Mateus Uribe
Colombia,Juan Guillermo Cuadrado
Colombia,Radamel Falcao Garcia
Colombia,Miguel Borja
Colombia,Carlos Bacca
Colombia,Luis Fernando Muriel
Japan,Eiji Kawashima
Japan,Masaaki Higashiguchi
Japan,Kosuke Nakamura
Japan,Yuto Nagatomo
Japan,Tomoaki Makino
Japan,Maya Yoshida
Japan,Hiroki Sakai
Japan,Gotoku Sakai
Japan,Gen Shoji
Japan,Wataru Endo
Japan,Naomichi Ueda
Japan,Makoto Hasebe
Japan,Keisuke Honda
Japan,Takashi Inui
Japan,Shinji Kagawa
Japan,Hotaru Yamaguchi
Japan,Genki Haraguchi
Japan,Takashi Usami
Japan,Gaku Shibasaki
Japan,Ryota Oshima
Japan,Shinji Okazaki
Japan,Yuya Osako
Japan,Yoshinori Muto
Argentina,Nahuel Guzmï¿½n
Argentina,Willy Caballero
Argentina,Franco Armani
Argentina,Gabriel Mercado
Argentina,Nicolas Otamendi
Argentina,Federico Fazio
Argentina,Nicolas Tagliafico
Argentina,Marcos Rojo
Argentina,Marcos Acuna
Argentina,Cristian Ansaldi
Argentina,Eduardo Salvio; Javier Mascherano
Argentina,Angel Di Maria
Argentina,Ever Banega
Argentina,Lucas Biglia
Argentina,Manuel Lanzini
Argentina,Gio Lo Celso
Argentina,Maximiliano Meza
Argentina,Lionel Messi
Argentina,Sergio Aguero
Argentina,Gonzalo Higuain
Argentina,Paulo Dybala
Argentina,Cristian Pavon
